judet,oras
Alba,Alba Iulia
Alba,Aiud
Alba,Baia de Arieș
Alba,Blaj
Alba,Câmpeni
Alba,Cugir
Alba,Ocna Mureș
Alba,Sebeș
Alba,Teiuș
Alba,Zlatna
Arad,Arad
Arad,Chișineu-Criș
Arad,Curtici
Arad,Ineu
Arad,Lipova
Arad,Nădlac
Arad,Pâncota
Arad,Sântana
Arad,Sebiș
Argeș,Pitești
Argeș,Câmpulung
Argeș,Curtea de Argeș
Argeș,Costești
Argeș,Mioveni
Argeș,Ștefănești
Argeș,Topoloveni
Bacău,Bacău
Bacău,Buhuși
Bacău,Comănești
Bacău,Dărmănești
Bacău,Moinești
Bacău,Onești
Bacău,Slănic-Moldova
Bacău,Târgu Ocna
Bihor,Oradea
Bihor,Aleșd
Bihor,Beiuș
Bihor,Marghita
Bihor,Nucet
Bihor,Săcueni
Bihor,Salonta
Bihor,Ștei
Bihor,Valea lui Mihai
Bihor,Vașcău
Bistrița-Năsăud,Bistrița
Bistrița-Năsăud,Beclean
Bistrița-Năsăud,Năsăud
Bistrița-Năsăud,Sângeorz-Băi
Botoșani,Botoșani
Botoșani,Bucecea
Botoșani,Darabani
Botoșani,Dorohoi
Botoșani,Flămânzi
Botoșani,Săveni
Botoșani,Ștefănești
Brașov,Brașov
Brașov,Codlea
Brașov,Făgăraș
Brașov,Ghimbav
Brașov,Predeal
Brașov,Râșnov
Brașov,Săcele
Brașov,Victoria
Brașov,Zărnești
Brașov,Rupea
Brăila,Brăila
Brăila,Făurei
Brăila,Ianca
Brăila,Însurăței
București,București
Buzău,Buzău
Buzău,Nehoiu
Buzău,Pătârlagele
Buzău,Pogoanele
Buzău,Râmnicu Sărat
Caraș-Severin,Reșița
Caraș-Severin,Anina
Caraș-Severin,Băile Herculane
Caraș-Severin,Bocșa
Caraș-Severin,Caransebeș
Caraș-Severin,Moldova Nouă
Caraș-Severin,Oravița
Caraș-Severin,Oțelu Roșu
Călărași,Călărași
Călărași,Budești
Călărași,Fundulea
Călărași,Lehliu Gară
Călărași,Oltenița
Cluj,Cluj-Napoca
Cluj,Câmpia Turzii
Cluj,Dej
Cluj,Gherla
Cluj,Huedin
Cluj,Turda
Constanța,Constanța
Constanța,Cernavodă
Constanța,Eforie
Constanța,Hârșova
Constanța,Mangalia
Constanța,Medgidia
Constanța,Murfatlar
Constanța,Năvodari
Constanța,Negru Vodă
Constanța,Ovidiu
Constanța,Techirghiol
Covasna,Sfântu Gheorghe
Covasna,Baraolt
Covasna,Covasna
Covasna,Întorsura Buzăului
Covasna,Târgu Secuiesc
Dâmbovița,Târgoviște
Dâmbovița,Fieni
Dâmbovița,Găești
Dâmbovița,Moreni
Dâmbovița,Pucioasa
Dâmbovița,Răcari
Dâmbovița,Titu
Dolj,Craiova
Dolj,Băilești
Dolj,Bechet
Dolj,Calafat
Dolj,Dăbuleni
Dolj,Filiași
Dolj,Segarcea
Galați,Galați
Galați,Berești
Galați,Târgu Bujor
Galați,Tecuci
Giurgiu,Giurgiu
Giurgiu,Bolintin-Vale
Giurgiu,Mihăilești
Gorj,Târgu Jiu
Gorj,Bumbești-Jiu
Gorj,Motru
Gorj,Novaci
Gorj,Rovinari
Gorj,Târgu Cărbunești
Gorj,Tismana
Gorj,Țicleni
Harghita,Miercurea Ciuc
Harghita,Bălan
Harghita,Borsec
Harghita,Cristuru Secuiesc
Harghita,Gheorgheni
Harghita,Odorheiu Secuiesc
Harghita,Toplița
Harghita,Vlăhița
Hunedoara,Deva
Hunedoara,Aninoasa
Hunedoara,Brad
Hunedoara,Călan
Hunedoara,Geoagiu
Hunedoara,Hațeg
Hunedoara,Hunedoara
Hunedoara,Lupeni
Hunedoara,Orăștie
Hunedoara,Petrila
Hunedoara,Petroșani
Hunedoara,Simeria
Hunedoara,Uricani
Hunedoara,Vulcan
Ialomița,Slobozia
Ialomița,Amara
Ialomița,Căzănești
Ialomița,Fetești
Ialomița,Fierbinți-Târg
Ialomița,Țăndărei
Ialomița,Urziceni
Iași,Iași
Iași,Hârlău
Iași,Pașcani
Iași,Podu Iloaiei
Iași,Târgu Frumos
Ilfov,Bragadiru
Ilfov,Buftea
Ilfov,Chitila
Ilfov,Măgurele
Ilfov,Otopeni
Ilfov,Pantelimon
Ilfov,Popești-Leordeni
Ilfov,Voluntari
Maramureș,Baia Mare
Maramureș,Baia Sprie
Maramureș,Borșa
Maramureș,Cavnic
Maramureș,Săliștea de Sus
Maramureș,Seini
Maramureș,Sighetu Marmației
Maramureș,Șomcuta Mare
Maramureș,Târgu Lăpuș
Maramureș,Taŭții-Măgherăuș
Maramureș,Ulmeni
Maramureș,Vișeu de Sus
Mehedinți,Drobeta-Turnu Severin
Mehedinți,Baia de Aramă
Mehedinți,Orșova
Mehedinți,Strehaia
Mehedinți,Vânju Mare
Mureș,Târgu Mureș
Mureș,Iernut
Mureș,Luduș
Mureș,Reghin
Mureș,Sângeorgiu de Pădure
Mureș,Sărmașu
Mureș,Sighișoara
Mureș,Sovata
Mureș,Târnăveni
Mureș,Ungheni
Neamț,Piatra Neamț
Neamț,Bicaz
Neamț,Roman
Neamț,Roznov
Neamț,Târgu Neamț
Olt,Slatina
Olt,Balș
Olt,Caracal
Olt,Corabia
Olt,Drăgănești-Olt
Olt,Piatra-Olt
Olt,Potcoava
Olt,Scornicești
Prahova,Ploiești
Prahova,Azuga
Prahova,Băicoi
Prahova,Boldești-Scăeni
Prahova,Breaza
Prahova,Bușteni
Prahova,Câmpina
Prahova,Comarnic
Prahova,Mizil
Prahova,Plopeni
Prahova,Sinaia
Prahova,Slănic
Prahova,Urlați
Prahova,Vălenii de Munte
Satu Mare,Satu Mare
Satu Mare,Ardud
Satu Mare,Carei
Satu Mare,Livada
Satu Mare,Negrești-Oaș
Satu Mare,Tășnad
Sălaj,Zalau
Sălaj,Cehu Silvaniei
Sălaj,Jibou
Sălaj,Șimleu Silvaniei
Sibiu,Sibiu
Sibiu,Agnita
Sibiu,Avrig
Sibiu,Cisnădie
Sibiu,Copșa Mică
Sibiu,Dumbrăveni
Sibiu,Mediaș
Sibiu,Miercurea Sibiului
Sibiu,Ocna Sibiului
Sibiu,Săliște
Sibiu,Tălmaciu
Suceava,Suceava
Suceava,Broșteni
Suceava,Cajvana
Suceava,Câmpulung Moldovenesc
Suceava,Dolhasca
Suceava,Fălticeni
Suceava,Frasin
Suceava,Gura Humorului
Suceava,Liteni
Suceava,Milișăuți
Suceava,Rădăuți
Suceava,Salcea
Suceava,Siret
Suceava,Solca
Suceava,Vatra Dornei
Suceava,Vicovu de Sus
Teleorman,Alexandria
Teleorman,Roșiorii de Vede
Teleorman,Turnu Măgurele
Teleorman,Videle
Teleorman,Zimnicea
Timiș,Timișoara
Timiș,Buziaș
Timiș,Ciacova
Timiș,Deta
Timiș,Făget
Timiș,Gătaia
Timiș,Jimbolia
Timiș,Lugoj
Timiș,Recaș
Timiș,Sânnicolau Mare
Tulcea,Tulcea
Tulcea,Babadag
Tulcea,Isaccea
Tulcea,Măcin
Tulcea,Sulina
Vaslui,Vaslui
Vaslui,Bârlad
Vaslui,Huși
Vaslui,Murgeni
Vaslui,Negrești
Vâlcea,Râmnicu Vâlcea
Vâlcea,Băile Govora
Vâlcea,Băile Olănești
Vâlcea,Bălcești
Vâlcea,Berbești
Vâlcea,Brezoi
Vâlcea,Călimănești
Vâlcea,Drăgășani
Vâlcea,Horezu
Vâlcea,Ocnele Mari
Vrancea,Focșani
Vrancea,Adjud
Vrancea,Mărășești
Vrancea,Odobești
Vrancea,Panciu
